-- --------------------------------------------------------
-- Host:                         127.0.0.1
-- Server version:               10.2.10-MariaDB - mariadb.org binary distribution
-- Server OS:                    Win64
-- HeidiSQL Version:             9.4.0.5125
-- --------------------------------------------------------

/*!40101 SET @OLD_CHARACTER_SET_CLIENT=@@CHARACTER_SET_CLIENT */;
/*!40101 SET NAMES utf8 */;
/*!50503 SET NAMES utf8mb4 */;
/*!40014 SET @OLD_FOREIGN_KEY_CHECKS=@@FOREIGN_KEY_CHECKS, FOREIGN_KEY_CHECKS=0 */;
/*!40101 SET @OLD_SQL_MODE=@@SQL_MODE, SQL_MODE='NO_AUTO_VALUE_ON_ZERO' */;


-- Dumping database structure for gomoku
DROP DATABASE IF EXISTS `gomoku`;
CREATE DATABASE IF NOT EXISTS `gomoku` /*!40100 DEFAULT CHARACTER SET utf8 */;
USE `gomoku`;

-- Dumping structure for table gomoku.friends
DROP TABLE IF EXISTS `friends`;
CREATE TABLE IF NOT EXISTS `friends` (
  `first-id` int(11) NOT NULL,
  `second-id` int(11) NOT NULL,
  KEY `FK__users` (`first-id`),
  KEY `FK__users_2` (`second-id`),
  CONSTRAINT `FK__users` FOREIGN KEY (`first-id`) REFERENCES `users` (`id`),
  CONSTRAINT `FK__users_2` FOREIGN KEY (`second-id`) REFERENCES `users` (`id`)
) ENGINE=InnoDB DEFAULT CHARSET=utf8;

-- Dumping data for table gomoku.friends: ~7 rows (approximately)
DELETE FROM `friends`;
/*!40000 ALTER TABLE `friends` DISABLE KEYS */;
INSERT INTO `friends` (`first-id`, `second-id`) VALUES
	(1, 2),
	(1, 3),
	(2, 5),
	(4, 7),
	(3, 5),
	(8, 5),
	(3, 5),
	(9, 10);
/*!40000 ALTER TABLE `friends` ENABLE KEYS */;

-- Dumping structure for table gomoku.games
DROP TABLE IF EXISTS `games`;
CREATE TABLE IF NOT EXISTS `games` (
  `id` int(11) NOT NULL AUTO_INCREMENT,
  `first-player-id` int(11) NOT NULL,
  `second-player-id` int(11) DEFAULT NULL,
  `gamestate` varchar(225) NOT NULL DEFAULT '000000000000000000000000000000000000000000000000000000000000000000000000000000000000000000000000000000000000000000000000000000000000000000000000000000000000000000000000000000000000000000000000000000000000000000000000000000000',
  `winner-id` int(11) DEFAULT NULL,
  PRIMARY KEY (`id`),
  KEY `FK_games_users` (`first-player-id`),
  KEY `FK_games_users_2` (`second-player-id`),
  KEY `FK_games_users_3` (`winner-id`),
  CONSTRAINT `FK_games_users` FOREIGN KEY (`first-player-id`) REFERENCES `users` (`id`),
  CONSTRAINT `FK_games_users_2` FOREIGN KEY (`second-player-id`) REFERENCES `users` (`id`),
  CONSTRAINT `FK_games_users_3` FOREIGN KEY (`winner-id`) REFERENCES `users` (`id`)
) ENGINE=InnoDB AUTO_INCREMENT=26 DEFAULT CHARSET=utf8;

-- Dumping data for table gomoku.games: ~24 rows (approximately)
DELETE FROM `games`;
/*!40000 ALTER TABLE `games` DISABLE KEYS */;
INSERT INTO `games` (`id`, `first-player-id`, `second-player-id`, `gamestate`, `winner-id`) VALUES
	(1, 1, 3, '000000000000000000000000000000000000000000000000000000000000000000000000000000000000000000000000000000000000000000000000000000000000000000000000000000000000000000000000000000000000000000000000000000000000000000000000000000000', 4),
	(2, 1, 3, '000000000000000000000000000000000000000000000000000000000000000000000000000000000000000000000000000000000000000000000000000000000000000000000000000000000000000000000000000000000000000000000000000000000000000000000000000000000', 1),
	(3, 1, 2, '000000000000000000000000000000000000000000000000000000000000000000000000000000000000000000000000000000000000000000000000000000000000000000000000000000000000000000000000000000000000000000000000000000000000000000000000000000000', 2),
	(5, 2, 3, '000000000000000000000000000000000000000000000000000000000000000000000000000000000000000000000000000000000000000000000000000000000000000000000000000000000000000000000000000000000000000000000000000000000000000000000000000000000', NULL),
	(6, 4, 10, '000000000000000000000000000000000000000000000000000000000000000000000000000000000000000000000000000000000000000000000000000000000000000000000000000000000000000000000000000000000000000000000000000000000000000000000000000000000', NULL),
	(7, 5, 2, '000000000000000000000000000000000000000000000000000000000000000000000000000000000000000000000000000000000000000000000000000000000000000000000000000000000000000000000000000000000000000000000000000000000000000000000000000000000', 2),
	(8, 7, 10, '000000000000000000000000000000000000000000000000000000000000000000000000000000000000000000000000000000000000000000000000000000000000000000000000000000000000000000000000000000000000000000000000000000000000000000000000000000000', 10),
	(9, 3, 10, '000000000000000000000000000000000000000000000000000000000000000000000000000000000000000000000000000000000000000000000000000000000000000000000000000000000000000000000000000000000000000000000000000000000000000000000000000000000', NULL),
	(10, 9, 9, '000000000000000000000000000000000000000000000000000000000000000000000000000000000000000000000000000000000000000000000000000000000000000000000000000000000000000000000000000000000000000000000000000000000000000000000000000000000', NULL),
	(11, 9, 10, '000000000000000000000000000000010000000000000000000000000000000000000000000000000000000000000000000000000000000000000000000000000000000000000000000000000000000000000000000000000000000000000000000000000000000000000000000000000', NULL),
	(12, 9, 10, '000000000000000000000000000000000000000000000000000000000000000000000000000000000000000000000000000000000000000000000000000000000000000000000000000000000000000000000000000000000000000000000000000000000000000000000000000000000', NULL),
	(13, 9, 10, '000000000000000000000000000000000000000000000000000000000000000000000000000000000000000000000000000000000000000000000000000000000000000000000000000000000000000000000000000000000000000000000000000000000000000000000000000000000', 10),
	(14, 10, 9, '000000000000000000000000000000000000000000000000000000000000000000020000000000000000000000000000000000000000000000000000000000000000000000000000000000000000000000000000000000000000000000000000000000000000000000000000000000000', NULL),
	(16, 10, 10, '000000000000000000000000000000000000000000000000000000000000000000000000000000000000000000000000000000000000000000000000000000000000000000000000000000000000000000000000000000000000000000000000000000000000000000000000000000000', NULL),
	(18, 9, 9, '000000000000000000000000000000000000000000000020000000000000000000000000000000000000000000000000000000000000000000000000000000000000000000000000000000000000000000000000000000000000000000000000000000000000000000000000000000000', NULL),
	(19, 10, 9, '210000000000000000000000000000002000000000000000000000000000000000000000000000000000000000000000000000000000000000000000000000000000000000000000000000000000000000000000000000000000000000000000000000000000000000000000000000000', NULL),
	(20, 10, 9, '000000000000000000000000000000000000000000000000000000000000000000020100000000000011200000000002010200000000002120200000000001000000000000010000000000000000000000000000000000000000000000000000000000000000000000000000000000000', 9),
	(21, 9, 9, '000000000000000000000000000000000000000000000000000000000000000000000000000000000000000000000000000000000000000000000000000000000000000000000000000000000000000000000000000000000000000000000000000000000000000000000000000000000', NULL),
	(22, 9, 9, '000000000000000000000000000000000000000000000000000000000000000000000000000000000012000000000000000000000000000000000000000000000000000000000000000000000000000000000000000000000000000000000000000000000000000000000000000000000', NULL),
	(23, 9, 10, '112020000000000001222000000000002100000000000000010000000000000001000000000000000000000000000000000000000000000000000000000000000000000000000000000000000000000000000000000000000000000000000000000000000000000000000000000000000', NULL),
	(24, 10, 9, '000000000000000000000000000000001000000000000000100000000000000012200000000000001200000000000000100000000000000020000000000000000000000000000000000000000000000000000000000000000000000000000000000000000000000000000000000000000', 10),
	(25, 10, 9, '120000000000000012000000000000001200000000000000120000000000000010000000000000000000000000000000000000000000000000000000000000000000000000000000000000000000000000000000000000000000000000000000000000000000000000000000000000000', 10);
/*!40000 ALTER TABLE `games` ENABLE KEYS */;

-- Dumping structure for table gomoku.users
DROP TABLE IF EXISTS `users`;
CREATE TABLE IF NOT EXISTS `users` (
  `id` int(11) NOT NULL AUTO_INCREMENT,
  `email` varchar(50) NOT NULL,
  `login` varchar(50) NOT NULL,
  `password` varchar(64) NOT NULL DEFAULT 'password',
  `name` varchar(50) NOT NULL DEFAULT 'name',
  `surname` varchar(50) NOT NULL DEFAULT 'surname',
  `won-games` int(11) NOT NULL DEFAULT 0,
  `lost-games` int(11) NOT NULL DEFAULT 0,
  PRIMARY KEY (`id`),
  UNIQUE KEY `login` (`login`)
) ENGINE=InnoDB AUTO_INCREMENT=12 DEFAULT CHARSET=utf8;

-- Dumping data for table gomoku.users: ~10 rows (approximately)
DELETE FROM `users`;
/*!40000 ALTER TABLE `users` DISABLE KEYS */;
INSERT INTO `users` (`id`, `email`, `login`, `password`, `name`, `surname`, `won-games`, `lost-games`) VALUES
	(1, 'mail@mail.ru', 'login1', '5e884898da28047151d0e56f8dc6292773603d0d6aabbdd62a11ef721d1542d8', 'name', 'sur', 0, 0),
	(2, 'mail2@mail.ru', 'login2', '5e884898da28047151d0e56f8dc6292773603d0d6aabbdd62a11ef721d1542d8', 'name', 'sur', 0, 0),
	(3, 'mail3@mail.ru', 'login3', '5e884898da28047151d0e56f8dc6292773603d0d6aabbdd62a11ef721d1542d8', 'name', 'surname', 0, 0),
	(4, 'mail4@mail.ru', 'login4', '5e884898da28047151d0e56f8dc6292773603d0d6aabbdd62a11ef721d1542d8', 'name', 'surname', 0, 0),
	(5, 'mail5@mail.ru', 'login5', '5e884898da28047151d0e56f8dc6292773603d0d6aabbdd62a11ef721d1542d8', 'name', 'surname', 0, 0),
	(7, 'mail6@mail.ru', 'login6', '5e884898da28047151d0e56f8dc6292773603d0d6aabbdd62a11ef721d1542d8', 'name', 'surname', 0, 1),
	(8, 'mail8@mail.ru', 'login8', '5e884898da28047151d0e56f8dc6292773603d0d6aabbdd62a11ef721d1542d8', 'ыапваы', 'fgdf', 0, 0),
	(9, 'nekit@mail.ru', 'nekitzot', '5e884898da28047151d0e56f8dc6292773603d0d6aabbdd62a11ef721d1542d8', 'Никита', 'Зотов', 0, 1),
	(10, 'sanya@mail.ru', 'sanyazenit', '5e884898da28047151d0e56f8dc6292773603d0d6aabbdd62a11ef721d1542d8', 'Александр', 'Горловой', 2, 0),
	(11, 'ma3il@mail.ru', 'login68', '5e884898da28047151d0e56f8dc6292773603d0d6aabbdd62a11ef721d1542d8', 'ыапваы', 'вапыв', 0, 0);
/*!40000 ALTER TABLE `users` ENABLE KEYS */;

-- Dumping structure for trigger gomoku.set
DROP TRIGGER IF EXISTS `set`;
SET @OLDTMP_SQL_MODE=@@SQL_MODE, SQL_MODE='STRICT_TRANS_TABLES,ERROR_FOR_DIVISION_BY_ZERO,NO_AUTO_CREATE_USER,NO_ENGINE_SUBSTITUTION';
DELIMITER //
CREATE TRIGGER `set` BEFORE UPDATE ON `games` FOR EACH ROW BEGIN
update users set `lost-games` = `lost-games`+1  where users.id!=new.`winner-id`  and (users.id=new.`first-player-id` or users.id=new.`second-player-id`);
update users set `won-games` = `won-games`+1  where users.id=new.`winner-id`;
END//
DELIMITER ;
SET SQL_MODE=@OLDTMP_SQL_MODE;

/*!40101 SET SQL_MODE=IFNULL(@OLD_SQL_MODE, '') */;
/*!40014 SET FOREIGN_KEY_CHECKS=IF(@OLD_FOREIGN_KEY_CHECKS IS NULL, 1, @OLD_FOREIGN_KEY_CHECKS) */;
/*!40101 SET CHARACTER_SET_CLIENT=@OLD_CHARACTER_SET_CLIENT */;
